{
  "dataset_key": "infopath",
  "artifact_slug": "infopath",
  "suite_module": "scripts.run_infopath_benchmark_suite",
  "supported_windows": [
    60,
    360,
    1440
  ],
  "windows": [
    {
      "window_minutes": 60,
      "task_1_heuristic": {
        "auprc": 0.05043360853066429,
        "f1": 0.125,
        "precision": 0.0931174089068826,
        "recall": 0.19008264462809918,
        "auroc": 0.6244093153552863
      },
      "task_1_xgboost": {
        "auprc": 0.05863430299605556,
        "f1": 0.08745247148288973,
        "precision": 0.056790123456790124,
        "recall": 0.19008264462809918,
        "auroc": 0.6017025314923158
      },
      "task_1_graph": {
        "auprc": 0.35555620913564134,
        "f1": 0.4801587301587302,
        "precision": 0.31592689295039167,
        "recall": 1.0,
        "auroc": 0.9793397742872203
      },
      "task_2_time_to_sse": {
        "mae": 489.1937201876153,
        "concordance_index": 0.5872439343309603
      },
      "task_3_final_size": {
        "rmse": 0.6952578076881647,
        "spearman": 0.576917045845833
      },
      "task_4_retrieval": {
        "recall_at_k": 0.04495867768595042,
        "ndcg_at_k": 0.09997147592979419
      }
    },
    {
      "window_minutes": 360,
      "task_1_heuristic": {
        "auprc": 0.19567302338182543,
        "f1": 0.3401360544217687,
        "precision": 0.28901734104046245,
        "recall": 0.4132231404958678,
        "auroc": 0.9032310939004651
      },
      "task_1_xgboost": {
        "auprc": 0.1565975373627118,
        "f1": 0.09302325581395349,
        "precision": 0.05057803468208093,
        "recall": 0.5785123966942148,
        "auroc": 0.9034760289600784
      },
      "task_1_graph": {
        "auprc": 0.35555620913564134,
        "f1": 0.4801587301587302,
        "precision": 0.31592689295039167,
        "recall": 1.0,
        "auroc": 0.9793397742872203
      },
      "task_2_time_to_sse": {
        "mae": 481.5674693703975,
        "concordance_index": 0.664899026587244
      },
      "task_3_final_size": {
        "rmse": 0.41773403346926447,
        "spearman": 0.9715074148659082
      },
      "task_4_retrieval": {
        "recall_at_k": 0.16793388429752062,
        "ndcg_at_k": 0.36415493458076154
      }
    },
    {
      "window_minutes": 1440,
      "task_1_heuristic": {
        "auprc": 0.40795708512383194,
        "f1": 0.4647887323943662,
        "precision": 0.32459016393442625,
        "recall": 0.8181818181818182,
        "auroc": 0.98153673932763
      },
      "task_1_xgboost": {
        "auprc": 0.40457261123570143,
        "f1": 0.48621553884711777,
        "precision": 0.3489208633093525,
        "recall": 0.8016528925619835,
        "auroc": 0.978371675448939
      },
      "task_1_graph": {
        "auprc": 0.35555620913564134,
        "f1": 0.4801587301587302,
        "precision": 0.31592689295039167,
        "recall": 1.0,
        "auroc": 0.9793397742872203
      },
      "task_2_time_to_sse": {
        "mae": 870.135502812291,
        "concordance_index": 0.7339822751707105
      },
      "task_3_final_size": {
        "rmse": 0.16651137491334309,
        "spearman": 0.9831306463374312
      },
      "task_4_retrieval": {
        "recall_at_k": 0.33752066115702484,
        "ndcg_at_k": 0.8570896101617484
      }
    }
  ]
}