{
  "dataset_key": "synthetic",
  "artifact_slug": "synthetic_sse",
  "suite_module": "scripts.run_synthetic_benchmark_suite",
  "supported_windows": [
    20,
    60,
    360,
    1440
  ],
  "windows": [
    {
      "window_minutes": 20,
      "task_1_heuristic": {
        "auprc": 0.03133333333333333,
        "f1": 0.060762766645119586,
        "precision": 0.03133333333333333,
        "recall": 1.0,
        "auroc": 0.5
      },
      "task_1_xgboost": {
        "auprc": 0.03133333333333333,
        "f1": 0.0,
        "precision": 0.0,
        "recall": 0.0,
        "auroc": 0.5
      },
      "task_1_graph": {
        "auprc": 0.33055436247892117,
        "f1": 0.12549019607843137,
        "precision": 0.06773920406435224,
        "recall": 0.851063829787234,
        "auroc": 0.8312991463003909
      },
      "task_2_time_to_sse": {
        "mae": 88.38393450797872,
        "concordance_index": 0.5
      },
      "task_3_final_size": {
        "rmse": 0.8681657133401256,
        "spearman": NaN
      },
      "task_4_retrieval": {
        "recall_at_k": 0.022127659574468085,
        "ndcg_at_k": 0.053069845067702
      }
    },
    {
      "window_minutes": 60,
      "task_1_heuristic": {
        "auprc": 0.044900728157942035,
        "f1": 0.09523809523809523,
        "precision": 0.05114083398898505,
        "recall": 0.6914893617021277,
        "auroc": 0.6425993176260416
      },
      "task_1_xgboost": {
        "auprc": 0.04643160429737756,
        "f1": 0.09566517189835576,
        "precision": 0.05144694533762058,
        "recall": 0.6808510638297872,
        "auroc": 0.6432838880672417
      },
      "task_1_graph": {
        "auprc": 0.33055436247892117,
        "f1": 0.12549019607843137,
        "precision": 0.06773920406435224,
        "recall": 0.851063829787234,
        "auroc": 0.8312991463003909
      },
      "task_2_time_to_sse": {
        "mae": 87.2137977113115,
        "concordance_index": 0.49782451051486587
      },
      "task_3_final_size": {
        "rmse": 0.6852640250309561,
        "spearman": 0.7442112657075824
      },
      "task_4_retrieval": {
        "recall_at_k": 0.04893617021276595,
        "ndcg_at_k": 0.14568818022355512
      }
    },
    {
      "window_minutes": 360,
      "task_1_heuristic": {
        "auprc": 0.2496414283255014,
        "f1": 0.2909090909090909,
        "precision": 1.0,
        "recall": 0.1702127659574468,
        "auroc": 0.7591593328549882
      },
      "task_1_xgboost": {
        "auprc": 0.25073362593950754,
        "f1": 0.11204481792717087,
        "precision": 0.05997001499250375,
        "recall": 0.851063829787234,
        "auroc": 0.7929888272246709
      },
      "task_1_graph": {
        "auprc": 0.33055436247892117,
        "f1": 0.12549019607843137,
        "precision": 0.06773920406435224,
        "recall": 0.851063829787234,
        "auroc": 0.8312991463003909
      },
      "task_2_time_to_sse": {
        "mae": 80.21380047087973,
        "concordance_index": 0.5965675610345661
      },
      "task_3_final_size": {
        "rmse": 0.1339548881445864,
        "spearman": 0.9996457919470473
      },
      "task_4_retrieval": {
        "recall_at_k": 0.3136170212765957,
        "ndcg_at_k": 0.7233642717194643
      }
    },
    {
      "window_minutes": 1440,
      "task_1_heuristic": {
        "auprc": 0.29289994514214523,
        "f1": 0.13861386138613863,
        "precision": 1.0,
        "recall": 0.07446808510638298,
        "auroc": 0.761419879632748
      },
      "task_1_xgboost": {
        "auprc": 0.30914523869124755,
        "f1": 0.12095032397408208,
        "precision": 0.06486486486486487,
        "recall": 0.8936170212765957,
        "auroc": 0.820166639820767
      },
      "task_1_graph": {
        "auprc": 0.33055436247892117,
        "f1": 0.12549019607843137,
        "precision": 0.06773920406435224,
        "recall": 0.851063829787234,
        "auroc": 0.8312991463003909
      },
      "task_2_time_to_sse": {
        "mae": 81.47970698742157,
        "concordance_index": 0.5989847715736041
      },
      "task_3_final_size": {
        "rmse": 0.00030720771798647934,
        "spearman": 0.9999995767160524
      },
      "task_4_retrieval": {
        "recall_at_k": 0.39999999999999986,
        "ndcg_at_k": 0.8797358122932573
      }
    }
  ]
}