{
  "dataset": "synthetic_sse_control",
  "window_minutes": 360,
  "task_1_heuristic": {
    "window_minutes": 360,
    "threshold": 0.85,
    "classification": {
      "auprc": 0.2496414283255014,
      "f1": 0.2909090909090909,
      "precision": 1.0,
      "recall": 0.1702127659574468,
      "auroc": 0.7591593328549882
    },
    "calibration": {
      "brier_score": 0.2677425484618518,
      "ece": 0.4688333333333333
    }
  },
  "task_1_xgboost": {
    "window_minutes": 360,
    "features": [
      "w360_observed_size",
      "w360_growth_rate",
      "w360_max_increment",
      "w360_mean_increment",
      "w360_burstiness",
      "w360_acceleration",
      "w360_sentiment_mean",
      "w360_sentiment_abs"
    ],
    "classification": {
      "auprc": 0.25073362593950754,
      "f1": 0.11204481792717087,
      "precision": 0.05997001499250375,
      "recall": 0.851063829787234,
      "auroc": 0.7929888272246709
    },
    "calibration": {
      "brier_score": 0.18184526811259086,
      "ece": 0.2740765025610842
    }
  },
  "task_1_graph": {
    "features": [
      "graph_node_count",
      "graph_edge_count",
      "graph_density",
      "graph_avg_out_degree",
      "graph_max_out_degree",
      "graph_root_count",
      "graph_component_count",
      "graph_max_depth",
      "graph_cross_community_ratio",
      "graph_structural_virality"
    ],
    "graph_signal_events": 20000,
    "train_events": 14000,
    "val_events": 3000,
    "test_events": 3000,
    "classification": {
      "auprc": 0.33055436247892117,
      "f1": 0.12549019607843137,
      "precision": 0.06773920406435224,
      "recall": 0.851063829787234,
      "auroc": 0.8312991463003909
    },
    "calibration": {
      "brier_score": 0.1660718856675613,
      "ece": 0.2541669865739762
    }
  },
  "task_2_time_to_sse": {
    "window_minutes": 360,
    "features": [
      "w360_observed_size",
      "w360_growth_rate",
      "w360_max_increment",
      "w360_mean_increment",
      "w360_burstiness",
      "w360_acceleration",
      "w360_sentiment_mean",
      "w360_sentiment_abs"
    ],
    "training_events": 378,
    "validation_events": 93,
    "test_events": 94,
    "time_to_event": {
      "mae": 80.21380047087973,
      "concordance_index": 0.5965675610345661
    }
  },
  "task_3_final_size": {
    "window_minutes": 360,
    "features": [
      "w360_observed_size",
      "w360_growth_rate",
      "w360_max_increment",
      "w360_mean_increment",
      "w360_burstiness",
      "w360_acceleration",
      "w360_sentiment_mean",
      "w360_sentiment_abs"
    ],
    "log_regression": {
      "rmse": 0.1339548881445864,
      "spearman": 0.9996457919470473
    },
    "raw_rmse": 14.3942960611862
  },
  "task_4_retrieval": {
    "window_minutes": 360,
    "slice_minutes": 20,
    "query_events": 94,
    "candidate_events": 471,
    "k": 10,
    "oracle_k": 25,
    "metrics": {
      "recall_at_k": 0.3136170212765957,
      "ndcg_at_k": 0.7233642717194643
    }
  }
}